timestamp,price,size,side
2025-09-01 00:02:57+00:00,0.0408,0.00044118,SELL
2025-09-01 00:02:57+00:00,0.0407,0.00247837,SELL
2025-09-01 00:02:57+00:00,0.0407,0.02015155,SELL
2025-09-01 00:02:57+00:00,0.0406,0.00245985,SELL
2025-09-01 00:03:14+00:00,0.04081238,91.455503,BUY
2025-09-01 00:08:49+00:00,0.04086934,85.347,BUY
2025-09-01 00:13:49+00:00,0.04095746,114.86474,BUY
2025-09-01 00:19:13+00:00,0.04080497,147.56091,BUY
2025-09-01 00:24:32+00:00,0.04090663,449.2854,BUY
2025-09-01 00:30:06+00:00,0.0407938,399.33,BUY
2025-09-01 00:35:08+00:00,0.04084702,185.6493,BUY
2025-09-01 00:40:30+00:00,0.04079004,82.6065,BUY
2025-09-01 00:45:53+00:00,0.04083148,15.66,BUY
2025-09-01 00:51:07+00:00,0.0407468,172.26,BUY
2025-09-01 00:56:44+00:00,0.04080502,92.308121,BUY
2025-09-01 01:02:22+00:00,0.04091501,514.19856,BUY
2025-09-01 01:07:36+00:00,0.04077667,131.34443,BUY
2025-09-01 01:12:37+00:00,0.04090669,35.031545,BUY
2025-09-01 01:17:32+00:00,0.04092669,63.460104,BUY
2025-09-01 01:22:47+00:00,0.04080502,53.598264,BUY
2025-09-01 01:28:29+00:00,0.04095753,161.8461,BUY
2025-09-01 01:33:53+00:00,0.04100193,328.86,BUY
2025-09-01 01:39:34+00:00,0.04094616,32.190291,BUY
2025-09-01 01:44:39+00:00,0.04092464,281.23694,BUY
2025-09-01 01:50:23+00:00,0.04100193,215.7948,BUY
2025-09-01 01:55:48+00:00,0.04083462,98.164836,BUY
2025-09-01 02:00:57+00:00,0.04089039,75.810468,BUY
2025-09-01 02:05:59+00:00,0.04089039,54.81,BUY
2025-09-01 02:11:12+00:00,0.04083462,39.654706,BUY
2025-09-01 02:16:36+00:00,0.04100193,214.3071,BUY
2025-09-01 02:21:54+00:00,0.04100193,62.64,BUY
2025-09-01 02:26:57+00:00,0.04089039,100.06982,BUY
2025-09-01 02:31:49+00:00,0.04100193,328.86,BUY
2025-09-01 02:36:51+00:00,0.04097772,148.77,BUY
2025-09-01 02:42:09+00:00,0.04087156,245.079,BUY
2025-09-01 02:47:19+00:00,0.04100193,466.05943,BUY
2025-09-01 02:52:57+00:00,0.0408904,240.02754,BUY
2025-09-01 02:58:24+00:00,0.04092465,90.045,BUY
2025-09-01 03:03:27+00:00,0.04087792,62.64,BUY
2025-09-01 03:08:23+00:00,0.04075195,139.374,BUY
2025-09-01 03:13:38+00:00,0.04094616,187.92,BUY
2025-09-01 03:18:54+00:00,0.04100193,58.626762,BUY
2025-09-01 03:24:20+00:00,0.04083462,180.09,BUY
2025-09-01 03:30:05+00:00,0.04094616,91.652911,BUY
2025-09-01 03:35:06+00:00,0.04083462,485.18699,BUY
2025-09-01 03:40:02+00:00,0.04094616,39.15,BUY
2025-09-01 03:45:58+00:00,0.04083462,201.14558,BUY
2025-09-01 03:51:11+00:00,0.04094616,62.417285,BUY
2025-09-01 03:56:54+00:00,0.04094616,55.788729,BUY
2025-09-01 04:02:40+00:00,0.04089039,202.03684,BUY
2025-09-01 04:08:08+00:00,0.04095081,264.20287,BUY
2025-09-01 04:13:05+00:00,0.04095081,253.0656,BUY
2025-09-01 04:18:11+00:00,0.04101748,365.56877,BUY
2025-09-01 04:23:31+00:00,0.04096143,501.12,BUY
2025-09-01 04:29:07+00:00,0.04084933,63.928289,BUY
2025-09-01 04:34:07+00:00,0.04084933,206.712,BUY
2025-09-01 04:36:18+00:00,0.04051304,0.0002572,SELL
2025-09-01 04:39:22+00:00,0.04090538,320.7168,BUY
2025-09-01 04:45:01+00:00,0.04096143,27.980771,BUY
2025-09-01 04:50:24+00:00,0.04096143,177.74785,BUY
2025-09-01 04:56:05+00:00,0.04095044,98.525263,BUY
2025-09-01 05:01:37+00:00,0.04100512,169.15369,BUY
2025-09-01 05:06:31+00:00,0.04095044,320.7168,BUY
2025-09-01 05:11:35+00:00,0.04100512,656.08868,BUY
2025-09-01 05:22:03+00:00,0.04100515,160.10343,BUY
2025-09-01 05:27:21+00:00,0.04095047,196.6896,BUY
2025-09-01 05:32:55+00:00,0.04084111,225.504,BUY
2025-09-01 05:37:58+00:00,0.04084111,215.10576,BUY
2025-09-01 05:43:22+00:00,0.04089579,146.5776,BUY
2025-09-01 05:48:25+00:00,0.04100515,225.62928,BUY
2025-09-01 05:53:54+00:00,0.04090539,191.6784,BUY
2025-09-01 05:59:11+00:00,0.04090539,161.91535,BUY
2025-09-01 06:04:26+00:00,0.04084934,126.09998,BUY
2025-09-01 06:09:32+00:00,0.04095046,205.4592,BUY
2025-09-01 06:14:52+00:00,0.04083424,188.356,BUY
2025-09-01 06:20:13+00:00,0.04088111,68.610803,BUY
2025-09-01 06:25:55+00:00,0.04096144,552.8999,BUY
2025-09-01 06:31:02+00:00,0.04084935,140.52551,BUY
2025-09-01 06:36:18+00:00,0.04084935,150.336,BUY
2025-09-01 06:41:46+00:00,0.04084935,136.85692,BUY
2025-09-01 06:47:09+00:00,0.04090541,467.41832,BUY
2025-09-01 06:52:18+00:00,0.04090541,97.372986,BUY
2025-09-01 06:57:52+00:00,0.04096146,60.189688,BUY
2025-09-01 07:02:21+00:00,0.04095051,75.168,BUY
2025-09-01 07:07:30+00:00,0.04092214,185.15099,BUY
2025-09-01 07:12:41+00:00,0.04088265,101.08973,BUY
2025-09-01 07:18:12+00:00,0.04078268,69.892255,BUY
2025-09-01 07:22:52+00:00,0.04096094,0.0202334,BUY
2025-09-01 07:22:53+00:00,0.04096094,0.011677,SELL
2025-09-01 07:22:55+00:00,0.04096094,0.02023365,SELL
2025-09-01 07:22:57+00:00,0.04096094,0.19106776,SELL
2025-09-01 07:23:43+00:00,0.041031,150.336,BUY
2025-09-01 07:28:42+00:00,0.04086538,513.648,BUY
2025-09-01 07:33:44+00:00,0.04093989,156.22271,BUY
2025-09-01 07:38:38+00:00,0.04099488,125.28,BUY
2025-09-01 07:43:39+00:00,0.04092727,275.616,BUY
2025-09-01 07:49:06+00:00,0.04096884,359.5536,BUY
2025-09-01 07:54:38+00:00,0.04090064,255.07669,BUY
2025-09-01 07:59:51+00:00,0.04095072,68.643349,BUY
2025-09-01 08:05:10+00:00,0.04089732,77.6736,BUY
2025-09-01 08:10:10+00:00,0.04101084,112.752,BUY
2025-09-01 08:16:04+00:00,0.04099441,534.06319,BUY
2025-09-01 08:21:21+00:00,0.04093948,263.088,BUY
2025-09-01 08:27:02+00:00,0.0409272,103.69083,BUY
2025-09-01 08:32:33+00:00,0.0409543,483.20117,BUY
2025-09-01 08:37:31+00:00,0.04101112,488.05135,BUY
2025-09-01 08:42:49+00:00,0.04084075,263.088,BUY
2025-09-01 08:48:10+00:00,0.04101112,50.112,BUY
2025-09-01 08:58:34+00:00,0.04095207,140.9566,BUY
2025-09-01 09:08:37+00:00,0.04093992,295.24658,BUY
2025-09-01 09:13:51+00:00,0.04089104,610.74,BUY
2025-09-01 09:24:17+00:00,0.04101141,542.05734,BUY
2025-09-01 09:29:18+00:00,0.04099512,142.506,BUY
2025-09-01 09:34:40+00:00,0.04088509,268.924,BUY
2025-09-01 09:44:33+00:00,0.04082102,151.66677,BUY
2025-09-01 09:49:24+00:00,0.04095297,62.436845,BUY
2025-09-01 09:54:46+00:00,0.04084296,252.23562,BUY
2025-09-01 09:59:41+00:00,0.04084094,356.265,BUY
2025-09-01 10:04:48+00:00,0.04088019,48.008644,BUY
2025-09-01 10:10:05+00:00,0.04086647,177.31818,BUY
2025-09-01 10:20:54+00:00,0.04094302,578.1672,BUY
2025-09-01 10:25:40+00:00,0.04099842,515.87172,BUY
2025-09-01 10:30:39+00:00,0.04094302,305.69706,BUY
2025-09-01 10:35:27+00:00,0.0409984,433.6254,BUY
2025-09-01 10:40:48+00:00,0.04083226,469.12216,BUY
2025-09-01 10:46:03+00:00,0.0409984,83.702766,BUY
2025-09-01 10:51:43+00:00,0.04086647,182.79219,BUY
2025-09-01 11:01:32+00:00,0.04097117,597.07479,BUY
2025-09-01 11:06:40+00:00,0.04081411,275.16832,BUY
2025-09-01 11:11:56+00:00,0.04091882,183.222,BUY
2025-09-01 11:21:39+00:00,0.04097117,508.95,BUY
2025-09-01 11:27:26+00:00,0.04099837,183.222,BUY
2025-09-01 11:32:39+00:00,0.04088762,275.97672,BUY
2025-09-01 11:37:31+00:00,0.04088762,157.09444,BUY
2025-09-01 11:42:29+00:00,0.04099837,590.382,BUY
2025-09-01 11:47:09+00:00,0.04099837,145.57014,BUY
2025-09-01 11:52:40+00:00,0.04098145,491.06908,BUY
2025-09-01 11:58:14+00:00,0.04087446,126.21856,BUY
2025-09-01 12:03:09+00:00,0.04083409,435.25404,BUY
2025-09-01 12:14:02+00:00,0.04067409,485.69869,BUY
2025-09-01 12:20:05+00:00,0.04069859,293.06807,BUY
2025-09-01 12:25:28+00:00,0.04075533,71.253,BUY
2025-09-01 12:29:37+00:00,0.04069859,645.89455,BUY
2025-09-01 12:34:49+00:00,0.04067022,81.432,BUY
2025-09-01 12:40:18+00:00,0.04069859,161.4164,BUY
2025-09-01 12:45:12+00:00,0.04075051,89.000573,BUY
2025-09-01 12:50:05+00:00,0.04070195,58.658573,BUY
2025-09-01 12:55:26+00:00,0.04065146,119.04839,BUY
2025-09-01 13:00:32+00:00,0.04072719,217.11819,BUY
2025-09-01 13:05:37+00:00,0.04067647,200.11914,BUY
2025-09-01 13:21:33+00:00,0.04066991,116.66802,BUY
2025-09-01 13:27:05+00:00,0.04062555,96.083952,BUY
2025-09-01 13:32:25+00:00,0.040624,264.10736,BUY
2025-09-01 13:42:28+00:00,0.0405,0.00249086,SELL
2025-09-01 13:42:43+00:00,0.04049003,0.00100814,SELL
2025-09-01 13:42:43+00:00,0.04049003,0.00032304,SELL
2025-09-01 13:42:43+00:00,0.04049003,0.00112299,SELL
2025-09-01 13:42:43+00:00,0.04049003,0.0004201,SELL
2025-09-01 13:42:46+00:00,0.04067601,418.36114,BUY
2025-09-01 13:47:55+00:00,0.04064534,477.13663,BUY
2025-09-01 13:52:51+00:00,0.04064564,371.5335,BUY
2025-09-01 13:58:14+00:00,0.04061055,196.65828,BUY
2025-09-01 14:03:28+00:00,0.04061055,81.081566,BUY
2025-09-01 14:30:42+00:00,0.04068073,289.36718,BUY
2025-09-01 14:36:04+00:00,0.04063376,164.29341,BUY
2025-09-01 14:41:21+00:00,0.04068073,521.74225,BUY
2025-09-01 14:51:19+00:00,0.04068073,107.16868,BUY
2025-09-01 14:56:30+00:00,0.04064564,328.86,BUY
2025-09-01 15:01:34+00:00,0.04068073,68.121,BUY
2025-09-01 15:12:23+00:00,0.04071582,110.47363,BUY
2025-09-01 15:17:14+00:00,0.04071582,291.9807,BUY
2025-09-01 15:22:41+00:00,0.04061055,163.04445,BUY
2025-09-01 15:38:54+00:00,0.04071793,399.33,BUY
2025-09-01 15:44:00+00:00,0.0406826,125.05234,BUY
2025-09-01 15:52:23+00:00,0.0404,0.00249702,SELL
2025-09-01 15:52:24+00:00,0.0404,0.00124549,SELL
2025-09-01 15:52:24+00:00,0.0404,0.00172177,SELL
2025-09-01 15:55:02+00:00,0.04063255,224.08302,BUY
2025-09-01 16:00:46+00:00,0.04046372,70.47,BUY
2025-09-01 16:04:17+00:00,0.04030001,0.00124139,SELL
2025-09-01 16:04:17+00:00,0.0403,0.00250347,SELL
2025-09-01 16:05:59+00:00,0.04044654,169.128,BUY
2025-09-01 16:11:34+00:00,0.0404024,621.46834,BUY
2025-09-01 16:16:33+00:00,0.04042769,140.94,BUY
2025-09-01 16:16:45+00:00,0.04020001,0.0006207,SELL
2025-09-01 16:16:45+00:00,0.04020001,0.00378469,SELL
2025-09-01 16:16:46+00:00,0.04020001,0.00965056,SELL
2025-09-01 16:16:46+00:00,0.04020001,0.00282392,SELL
2025-09-01 16:16:46+00:00,0.04020001,0.00155183,SELL
2025-09-01 16:16:46+00:00,0.04020001,0.00137309,SELL
2025-09-01 16:16:46+00:00,0.04020001,0.00244905,SELL
2025-09-01 16:16:46+00:00,0.04020001,0.0032328,SELL
2025-09-01 16:16:46+00:00,0.04020001,0.00314443,SELL
2025-09-01 16:16:46+00:00,0.04020001,0.00292993,SELL
2025-09-01 16:16:46+00:00,0.0402,0.0025097,SELL
2025-09-01 16:16:46+00:00,0.0401,0.00176923,SELL
2025-09-01 16:16:46+00:00,0.0401,0.00075236,SELL
2025-09-01 16:16:46+00:00,0.04007936,0.00316422,SELL
2025-09-01 16:26:15+00:00,0.04026214,229.22396,BUY
2025-09-01 16:28:04+00:00,0.04000477,0.00274942,SELL
2025-09-01 16:28:04+00:00,0.04000477,0.00239872,SELL
2025-09-01 16:31:40+00:00,0.04030503,674.70365,BUY
2025-09-01 16:36:23+00:00,0.04034793,354.699,BUY
2025-09-01 16:41:28+00:00,0.04045834,335.00916,BUY
2025-09-01 16:46:48+00:00,0.04040164,561.81568,BUY
2025-09-01 16:51:33+00:00,0.04040164,335.93863,BUY
2025-09-01 16:57:04+00:00,0.04034495,102.44874,BUY
2025-09-01 17:02:48+00:00,0.04034495,505.7397,BUY
2025-09-01 17:08:13+00:00,0.04034495,140.4702,BUY
2025-09-01 17:19:04+00:00,0.0401777,164.43,BUY
2025-09-01 17:23:57+00:00,0.04020653,210.9402,BUY
2025-09-01 17:29:09+00:00,0.04020998,206.20708,BUY
2025-09-01 17:32:42+00:00,0.04000477,0.00158955,SELL
2025-09-01 17:32:42+00:00,0.04000477,0.00206925,SELL
2025-09-01 17:32:42+00:00,0.04000477,0.00185852,SELL
2025-09-01 17:32:42+00:00,0.04000477,0.00088914,SELL
2025-09-01 17:32:42+00:00,0.04000477,0.00193601,SELL
2025-09-01 17:34:15+00:00,0.04,0.0025435,SELL
2025-09-01 17:34:15+00:00,0.04,0.00025025,SELL
2025-09-01 17:34:25+00:00,0.04011504,87.533675,BUY
2025-09-01 17:44:57+00:00,0.04011864,277.80299,BUY
2025-09-01 17:50:41+00:00,0.04009648,267.31377,BUY
2025-09-01 17:55:07+00:00,0.04008355,491.14779,BUY
2025-09-01 18:06:12+00:00,0.04024242,230.4369,BUY
2025-09-01 18:08:03+00:00,0.03997421,0.0003112,SELL
2025-09-01 18:09:50+00:00,0.0399187,0.00032516,SELL
2025-09-01 18:09:50+00:00,0.0399187,1.901e-05,SELL
2025-09-01 18:10:57+00:00,0.0399187,0.00029763,SELL
2025-09-01 18:10:57+00:00,0.0399187,2.37e-06,SELL
2025-09-01 18:11:28+00:00,0.04012467,681.9147,BUY
2025-09-01 18:11:35+00:00,0.0399187,0.0003,SELL
2025-09-01 18:16:29+00:00,0.0400789,223.58195,BUY
2025-09-01 18:26:57+00:00,0.04005601,503.28304,BUY
2025-09-01 18:32:26+00:00,0.04010329,70.47,BUY
2025-09-01 18:42:34+00:00,0.04012523,637.0125,BUY
2025-09-01 18:48:03+00:00,0.04010668,493.29,BUY
2025-09-01 18:59:02+00:00,0.04016911,69.259311,BUY
2025-09-01 19:09:35+00:00,0.04009742,199.59357,BUY
2025-09-01 19:15:17+00:00,0.04011274,422.82,BUY
2025-09-01 19:30:35+00:00,0.04011274,238.16266,BUY
2025-09-01 19:36:23+00:00,0.04011274,515.3706,BUY
2025-09-01 19:47:30+00:00,0.04011274,624.834,BUY
2025-09-01 19:52:34+00:00,0.04013153,147.72341,BUY
2025-09-01 19:57:46+00:00,0.04014228,117.45,BUY
2025-09-01 20:03:11+00:00,0.04013155,474.41251,BUY
2025-09-01 20:08:35+00:00,0.04011275,293.42491,BUY
2025-09-01 20:13:59+00:00,0.0401691,151.69332,BUY
2025-09-01 20:19:42+00:00,0.0401691,250.90346,BUY
2025-09-01 20:24:53+00:00,0.04015031,120.582,BUY
2025-09-01 20:35:49+00:00,0.04015245,191.2086,BUY
2025-09-01 20:37:22+00:00,0.04,0.004,SELL
2025-09-01 20:37:23+00:00,0.04,0.0026,SELL
2025-09-01 20:38:39+00:00,0.0399187,8.742e-05,SELL
2025-09-01 20:38:39+00:00,0.0399187,0.00038302,SELL
2025-09-01 20:38:39+00:00,0.0399187,0.0005704,SELL
2025-09-01 20:38:39+00:00,0.0399187,0.00120319,SELL
2025-09-01 20:38:39+00:00,0.0399187,0.00025351,SELL
2025-09-01 20:38:40+00:00,0.0399,0.0002301,SELL
2025-09-01 20:38:40+00:00,0.0399,0.00136265,SELL
2025-09-01 20:38:40+00:00,0.0399,0.00025614,SELL
2025-09-01 20:38:40+00:00,0.0399,0.00067769,SELL
2025-09-01 20:42:38+00:00,0.03980902,0.00112612,SELL
2025-09-01 20:42:38+00:00,0.03980902,0.00043156,SELL
2025-09-01 20:42:39+00:00,0.03980902,0.00025396,SELL
2025-09-01 20:42:39+00:00,0.03980902,0.000839,SELL
2025-09-01 20:42:39+00:00,0.03980902,0.00214021,SELL
2025-09-01 20:42:39+00:00,0.03980902,0.00042151,SELL
2025-09-01 20:42:40+00:00,0.0398,0.00251407,SELL
2025-09-01 20:44:35+00:00,0.0397,0.0025204,SELL
2025-09-01 20:44:59+00:00,0.03968253,0.00293983,SELL
2025-09-01 20:46:10+00:00,0.03976812,86.13,BUY
2025-09-01 20:51:10+00:00,0.03974377,327.294,BUY
2025-09-01 20:56:37+00:00,0.03973929,86.266907,BUY
2025-09-01 21:01:42+00:00,0.03973929,266.07226,BUY
2025-09-01 21:03:42+00:00,0.03950001,0.00312913,SELL
2025-09-01 21:03:42+00:00,0.0395,0.0026162,SELL
2025-09-01 21:07:15+00:00,0.03964668,155.8953,BUY
2025-09-01 21:11:15+00:00,0.0394,0.00183212,SELL
2025-09-01 21:18:14+00:00,0.0396509,287.99191,BUY
2025-09-01 21:23:27+00:00,0.03965089,172.26,BUY
2025-09-01 21:29:05+00:00,0.03968641,68.904,BUY
2025-09-01 21:34:30+00:00,0.03978188,575.59138,BUY
2025-09-01 21:39:42+00:00,0.03974085,684.21672,BUY
2025-09-01 21:45:06+00:00,0.03966176,243.76964,BUY
2025-09-01 21:50:04+00:00,0.03972112,209.64042,BUY
2025-09-01 21:51:51+00:00,0.03980141,0.00025125,BUY
2025-09-01 21:55:31+00:00,0.03968098,137.808,BUY
2025-09-01 22:00:45+00:00,0.03976126,61.359555,BUY
2025-09-01 22:06:01+00:00,0.03968098,211.93109,BUY
2025-09-01 22:11:52+00:00,0.0397142,221.0276,BUY
2025-09-01 22:21:47+00:00,0.03979085,469.77386,BUY
2025-09-01 22:27:35+00:00,0.03973502,297.54,BUY
2025-09-01 22:32:29+00:00,0.03979902,250.56,BUY
2025-09-01 22:42:56+00:00,0.0397841,532.44,BUY
2025-09-01 22:53:51+00:00,0.03974142,125.28,BUY
2025-09-01 22:59:28+00:00,0.03969922,107.5842,BUY
2025-09-01 23:05:06+00:00,0.03974909,181.51442,BUY
2025-09-01 23:09:58+00:00,0.03988,163.4117,BUY
2025-09-01 23:15:25+00:00,0.03974909,96.615657,BUY
2025-09-01 23:20:50+00:00,0.03978077,219.24,BUY
2025-09-01 23:26:13+00:00,0.03981131,273.7504,BUY
2025-09-01 23:31:28+00:00,0.03976624,93.96,BUY
2025-09-01 23:37:06+00:00,0.03971541,167.38519,BUY
2025-09-01 23:42:25+00:00,0.03966909,88.151766,BUY
2025-09-01 23:47:43+00:00,0.03972053,58.533308,BUY
2025-09-01 23:53:32+00:00,0.03976059,225.18479,BUY
2025-09-02 00:03:42+00:00,0.03978291,120.22996,BUY
2025-09-02 00:08:49+00:00,0.03968718,175.31659,BUY
2025-09-02 00:13:51+00:00,0.03981401,125.42193,BUY
2025-09-02 00:19:28+00:00,0.03975098,156.6,BUY
2025-09-02 00:24:44+00:00,0.03979991,109.62,BUY
2025-09-02 00:29:54+00:00,0.03975548,391.5,BUY
2025-09-02 00:35:42+00:00,0.03966666,15.894197,BUY
2025-09-02 00:40:49+00:00,0.03972201,337.34174,BUY
2025-09-02 00:45:45+00:00,0.03977838,54.81,BUY
2025-09-02 00:51:09+00:00,0.03973589,37.584,BUY
2025-09-02 00:56:38+00:00,0.03973589,89.169892,BUY
2025-09-02 01:02:00+00:00,0.03966664,25.418717,BUY
2025-09-02 01:06:25+00:00,0.03972204,297.54,BUY
2025-09-02 01:11:34+00:00,0.03975304,510.516,BUY
2025-09-02 01:15:58+00:00,0.03978426,0.0097288,BUY
2025-09-02 01:15:58+00:00,0.03978426,0.01132124,BUY
2025-09-02 01:16:00+00:00,0.03978426,0.01407185,SELL
2025-09-02 01:16:56+00:00,0.03981441,338.77966,BUY
2025-09-02 01:22:13+00:00,0.03970793,227.07,BUY
2025-09-02 01:27:15+00:00,0.03970793,179.40062,BUY
2025-09-02 01:33:12+00:00,0.03974629,225.82924,BUY
2025-09-02 01:38:31+00:00,0.03980186,50.508598,BUY
2025-09-02 01:44:12+00:00,0.03977178,378.189,BUY
2025-09-02 01:49:34+00:00,0.03971749,68.268993,BUY
2025-09-02 01:54:35+00:00,0.03990522,95.88001,BUY
2025-09-02 02:00:09+00:00,0.03970139,97.116943,BUY
2025-09-02 02:06:15+00:00,0.03970138,323.52829,BUY
2025-09-02 02:11:25+00:00,0.03987623,70.47,BUY
2025-09-02 02:16:52+00:00,0.03987623,168.89855,BUY
2025-09-02 02:21:24+00:00,0.03970138,74.145319,BUY
2025-09-02 02:27:25+00:00,0.03971749,133.11,BUY
2025-09-02 02:32:21+00:00,0.0397704,471.51678,BUY
2025-09-02 02:37:53+00:00,0.03973681,81.432,BUY
2025-09-02 02:43:30+00:00,0.03968797,39.154744,BUY
2025-09-02 02:48:33+00:00,0.03972291,161.45749,BUY
2025-09-02 02:53:50+00:00,0.03972291,442.88687,BUY
2025-09-02 02:59:25+00:00,0.03976904,289.27801,BUY
2025-09-02 03:04:39+00:00,0.03971749,54.287378,BUY
2025-09-02 03:09:21+00:00,0.03990521,93.96,BUY
2025-09-02 03:14:55+00:00,0.03973681,187.92,BUY
2025-09-02 03:19:30+00:00,0.03984933,332.72901,BUY
2025-09-02 03:25:05+00:00,0.03973702,610.74,BUY
2025-09-02 03:30:18+00:00,0.03979319,30.75644,BUY
2025-09-02 03:35:19+00:00,0.03979319,23.49,BUY
2025-09-02 03:40:57+00:00,0.03971786,92.343076,BUY
2025-09-02 03:46:17+00:00,0.03979319,111.44216,BUY
2025-09-02 03:51:34+00:00,0.03973702,353.916,BUY
2025-09-02 03:56:48+00:00,0.03984936,343.59836,BUY
2025-09-02 04:01:59+00:00,0.03973702,216.22176,BUY
2025-09-02 04:07:08+00:00,0.03984936,676.512,BUY
2025-09-02 04:12:21+00:00,0.03970532,141.68497,BUY
2025-09-02 04:17:19+00:00,0.03974894,167.16903,BUY
2025-09-02 04:22:58+00:00,0.03984936,62.64,BUY
2025-09-02 04:28:02+00:00,0.03979323,216.8445,BUY
2025-09-02 04:33:13+00:00,0.03990559,52.24176,BUY
2025-09-02 04:38:35+00:00,0.03972505,137.808,BUY
2025-09-02 04:43:57+00:00,0.03974,189.1728,BUY
2025-09-02 04:48:50+00:00,0.03974,479.64489,BUY
2025-09-02 04:54:36+00:00,0.03985336,167.8752,BUY
2025-09-02 05:00:03+00:00,0.03979669,476.064,BUY
2025-09-02 05:05:15+00:00,0.03988505,548.8954,BUY
2025-09-02 05:10:13+00:00,0.03988505,128.43529,BUY
2025-09-02 05:15:06+00:00,0.03988505,43.962789,BUY
2025-09-02 05:20:07+00:00,0.03979667,39.043825,BUY
2025-09-02 05:25:05+00:00,0.03985334,125.75818,BUY
2025-09-02 05:29:41+00:00,0.03991001,97.817242,BUY
2025-09-02 05:35:16+00:00,0.03991004,187.53478,BUY
2025-09-02 05:40:44+00:00,0.03991004,384.6096,BUY
2025-09-02 05:46:05+00:00,0.03986223,51.650021,BUY
2025-09-02 05:51:25+00:00,0.03986223,287.47692,BUY
2025-09-02 06:02:31+00:00,0.03986223,89.437265,BUY
2025-09-02 06:12:58+00:00,0.0398213,75.168,BUY
2025-09-02 06:17:59+00:00,0.03988238,123.27552,BUY
2025-09-02 06:22:43+00:00,0.03977583,275.616,BUY
2025-09-02 06:28:20+00:00,0.03993551,172.38528,BUY
2025-09-02 06:33:30+00:00,0.03993551,222.25352,BUY
2025-09-02 06:38:30+00:00,0.0397847,37.584,BUY
2025-09-02 06:48:24+00:00,0.03979514,86.4432,BUY
2025-09-02 06:49:16+00:00,0.03950447,0.00653116,BUY
2025-09-02 06:49:17+00:00,0.03950447,1.309e-05,BUY
2025-09-02 06:53:41+00:00,0.03989202,137.808,BUY
2025-09-02 06:58:44+00:00,0.03995493,87.696,BUY
2025-09-02 07:04:03+00:00,0.03990987,478.06848,BUY
2025-09-02 07:09:00+00:00,0.03994351,451.50912,BUY
2025-09-02 07:13:57+00:00,0.03995258,212.04015,BUY
2025-09-02 07:19:06+00:00,0.03985774,313.2,BUY
2025-09-02 07:24:18+00:00,0.03995394,26.3088,BUY
2025-09-02 07:29:36+00:00,0.03990788,233.14608,BUY
2025-09-02 07:34:59+00:00,0.03979532,27.151483,BUY
2025-09-02 07:40:50+00:00,0.03994883,257.19984,BUY
2025-09-02 07:46:29+00:00,0.03989766,53.632559,BUY
2025-09-02 07:51:44+00:00,0.03979532,534.64957,BUY
2025-09-02 07:56:21+00:00,0.03984649,85.333232,BUY
2025-09-02 08:01:58+00:00,0.03989766,53.61984,BUY
2025-09-02 08:07:22+00:00,0.03984649,60.38496,BUY
2025-09-02 08:13:14+00:00,0.03979532,156.09888,BUY
2025-09-02 08:18:44+00:00,0.03994883,203.67603,BUY
2025-09-02 08:24:22+00:00,0.03984649,175.98183,BUY
2025-09-02 08:30:02+00:00,0.03984649,208.5285,BUY
2025-09-02 08:35:52+00:00,0.03979532,152.90068,BUY
2025-09-02 08:41:11+00:00,0.03984649,425.952,BUY
2025-09-02 08:52:11+00:00,0.03986193,129.0384,BUY
2025-09-02 08:57:29+00:00,0.03977384,151.7993,BUY
2025-09-02 09:02:46+00:00,0.03983038,59.0382,BUY
2025-09-02 09:12:56+00:00,0.03989268,549.06332,BUY
2025-09-02 09:23:23+00:00,0.03983903,147.65415,BUY
2025-09-02 09:28:30+00:00,0.03983903,264.654,BUY
2025-09-02 09:44:01+00:00,0.03979473,164.8998,BUY
2025-09-02 09:54:05+00:00,0.03979473,185.19993,BUY
2025-09-02 09:59:39+00:00,0.03984605,338.96256,BUY
2025-09-02 10:05:04+00:00,0.03984605,122.148,BUY
2025-09-02 10:10:13+00:00,0.03994868,305.37,BUY
2025-09-02 10:15:30+00:00,0.03994868,162.63355,BUY
2025-09-02 10:20:20+00:00,0.03979473,71.901149,BUY
2025-09-02 10:25:32+00:00,0.03989736,139.02964,BUY
2025-09-02 10:30:55+00:00,0.03994868,240.75991,BUY
2025-09-02 10:35:57+00:00,0.03989736,325.728,BUY
2025-09-02 10:41:22+00:00,0.03979473,261.04371,BUY
2025-09-02 10:46:24+00:00,0.03979473,361.32143,BUY
2025-09-02 10:56:56+00:00,0.03989736,349.00071,BUY
2025-09-02 11:02:00+00:00,0.03979473,376.623,BUY
2025-09-02 11:06:42+00:00,0.03984605,468.234,BUY
2025-09-02 11:12:03+00:00,0.03984605,227.68697,BUY
2025-09-02 11:17:05+00:00,0.03989736,584.65076,BUY
2025-09-02 11:28:14+00:00,0.03994868,517.47039,BUY
2025-09-02 11:33:13+00:00,0.03984605,255.23352,BUY
2025-09-02 11:38:20+00:00,0.03989736,390.82632,BUY
2025-09-02 11:43:09+00:00,0.03994868,57.427541,BUY
2025-09-02 11:47:55+00:00,0.03979473,142.506,BUY
2025-09-02 12:04:04+00:00,0.0398836,286.94285,BUY
2025-09-02 12:08:59+00:00,0.03993546,183.222,BUY
2025-09-02 12:13:52+00:00,0.03987438,20.358,BUY
2025-09-02 12:24:07+00:00,0.03992693,156.48861,BUY
2025-09-02 12:29:42+00:00,0.03987438,576.33498,BUY
2025-09-02 12:34:50+00:00,0.03976928,599.74668,BUY
2025-09-02 12:40:25+00:00,0.03981687,223.938,BUY
2025-09-02 12:45:22+00:00,0.03975171,399.0168,BUY
2025-09-02 12:50:30+00:00,0.0398224,51.09858,BUY
2025-09-02 12:55:44+00:00,0.03978161,248.02442,BUY
2025-09-02 13:01:04+00:00,0.0396163,636.4475,BUY
2025-09-02 13:16:53+00:00,0.03967366,101.79,BUY
2025-09-02 13:22:22+00:00,0.03963464,671.814,BUY
2025-09-02 13:37:27+00:00,0.03964926,572.24683,BUY
2025-09-02 13:47:41+00:00,0.03966765,330.88666,BUY
2025-09-02 13:53:28+00:00,0.03960074,223.938,BUY
2025-09-02 13:58:47+00:00,0.03963055,308.62728,BUY
2025-09-02 14:04:46+00:00,0.03969268,187.2153,BUY
2025-09-02 14:09:41+00:00,0.03960532,437.92496,BUY
2025-09-02 14:14:42+00:00,0.03957791,265.437,BUY
2025-09-02 14:19:54+00:00,0.03951053,534.30726,BUY
2025-09-02 14:25:13+00:00,0.03954738,488.3571,BUY
2025-09-02 14:30:12+00:00,0.03952896,180.73358,BUY
2025-09-02 14:35:30+00:00,0.0394,0.00078437,SELL
2025-09-02 14:35:30+00:00,0.0394,0.00668536,SELL
2025-09-02 14:35:30+00:00,0.03950172,37.584,BUY
2025-09-02 14:40:39+00:00,0.03949774,469.8,BUY
2025-09-02 15:01:10+00:00,0.03945744,422.82,BUY
2025-09-02 15:01:55+00:00,0.03949574,0.01416076,BUY
2025-09-02 15:05:51+00:00,0.03946512,42.572087,BUY
2025-09-02 15:21:05+00:00,0.03940884,62.2485,BUY
2025-09-02 15:25:45+00:00,0.0394,0.00092885,SELL
2025-09-02 15:25:45+00:00,0.0394,0.00459129,SELL
2025-09-02 15:25:45+00:00,0.03939782,0.0003089,SELL
2025-09-02 15:25:45+00:00,0.03939782,0.00027615,SELL
2025-09-02 15:25:45+00:00,0.03939782,0.00070511,SELL
2025-09-02 15:25:45+00:00,0.03939782,0.00069902,SELL
2025-09-02 15:25:45+00:00,0.03939782,0.00030864,SELL
2025-09-02 15:26:01+00:00,0.03935658,400.64908,BUY
2025-09-02 15:36:05+00:00,0.03935274,44.3961,BUY
2025-09-02 15:40:02+00:00,0.0393,0.00261679,SELL
2025-09-02 15:40:44+00:00,0.03925777,0.00026058,SELL
2025-09-02 15:40:44+00:00,0.03925777,0.00026058,SELL
2025-09-02 15:40:44+00:00,0.03925777,0.00026058,SELL
2025-09-02 15:40:44+00:00,0.03925777,0.00026058,SELL
2025-09-02 15:40:44+00:00,0.03925777,0.00026058,SELL
2025-09-02 15:40:44+00:00,0.03925777,0.00026058,SELL
2025-09-02 15:40:44+00:00,0.03925777,0.00038438,SELL
2025-09-02 15:40:45+00:00,0.03925777,0.00026058,SELL
2025-09-02 15:40:45+00:00,0.03925777,0.00025982,SELL
2025-09-02 15:41:12+00:00,0.03929205,221.7456,BUY
2025-09-02 15:51:49+00:00,0.03924118,234.9,BUY
2025-09-02 15:57:01+00:00,0.039216,594.11153,BUY
2025-09-02 16:02:55+00:00,0.03921018,537.34314,BUY
2025-09-02 16:12:41+00:00,0.0392,0.00261709,SELL
2025-09-02 16:12:41+00:00,0.0392,0.00025765,SELL
2025-09-02 16:13:10+00:00,0.03917628,470.12247,BUY
2025-09-02 16:17:43+00:00,0.03914773,287.61322,BUY
2025-09-02 16:27:56+00:00,0.03916524,375.84,BUY
2025-09-02 16:32:23+00:00,0.0391,0.00025831,SELL
2025-09-02 16:32:23+00:00,0.0391,0.00261739,SELL
2025-09-02 16:32:23+00:00,0.0391,0.00767263,SELL
2025-09-02 16:38:14+00:00,0.03912799,269.51126,BUY
2025-09-02 16:48:46+00:00,0.03907353,0.01448223,SELL
2025-09-02 16:49:23+00:00,0.03907353,0.01450312,SELL
2025-09-02 16:49:50+00:00,0.03907353,0.01195181,SELL
2025-09-02 16:53:27+00:00,0.03915354,369.74197,BUY
2025-09-02 16:59:08+00:00,0.03915811,589.1292,BUY
2025-09-02 17:09:30+00:00,0.03912229,385.236,BUY
2025-09-02 17:15:19+00:00,0.03910912,63.6579,BUY
2025-09-02 17:20:33+00:00,0.03912421,383.3568,BUY
2025-09-02 17:34:58+00:00,0.03918615,220.47341,BUY
2025-09-02 17:45:43+00:00,0.03914106,112.752,BUY
2025-09-02 17:50:50+00:00,0.03916834,93.39944,BUY
2025-09-02 17:55:54+00:00,0.03911133,172.02208,BUY
2025-09-02 18:06:22+00:00,0.03909035,250.76605,BUY
2025-09-02 18:11:44+00:00,0.03908546,295.47617,BUY
2025-09-02 18:27:04+00:00,0.0391253,63.423,BUY
2025-09-02 18:32:25+00:00,0.03911202,46.98,BUY
2025-09-02 18:43:07+00:00,0.039146,314.2962,BUY
2025-09-02 18:44:59+00:00,0.03913885,0.01924909,BUY
2025-09-02 18:45:06+00:00,0.03913885,0.04412057,SELL
2025-09-02 18:45:08+00:00,0.03913885,0.17548769,SELL
2025-09-02 18:45:11+00:00,0.03913885,0.01276074,SELL
2025-09-02 18:48:25+00:00,0.03938801,160.53463,BUY
2025-09-02 18:53:07+00:00,0.03919656,0.00541563,BUY
2025-09-02 18:53:31+00:00,0.03934557,49.329,BUY
2025-09-02 18:58:47+00:00,0.03926288,389.14489,BUY
2025-09-02 19:03:57+00:00,0.03916993,130.97851,BUY
2025-09-02 19:09:09+00:00,0.03914941,193.0878,BUY
2025-09-02 19:19:03+00:00,0.03908241,182.27564,BUY
2025-09-02 19:24:11+00:00,0.03926459,685.908,BUY
2025-09-02 19:29:14+00:00,0.03908377,117.45,BUY
2025-09-02 19:39:41+00:00,0.03909138,238.72134,BUY
2025-09-02 19:50:12+00:00,0.03908187,191.29549,BUY
2025-09-02 19:55:20+00:00,0.03907236,281.88,BUY
2025-09-02 20:00:36+00:00,0.03902212,169.58646,BUY
2025-09-02 20:02:23+00:00,0.03900577,0.00650416,SELL
2025-09-02 20:02:23+00:00,0.03900577,0.0012957,SELL
2025-09-02 20:02:23+00:00,0.03900577,0.00164667,SELL
2025-09-02 20:02:23+00:00,0.03900577,0.00085115,SELL
2025-09-02 20:02:23+00:00,0.03900577,0.00359331,SELL
2025-09-02 20:02:23+00:00,0.03900577,0.00055185,SELL
2025-09-02 20:10:44+00:00,0.03901962,675.2592,BUY
2025-09-02 20:15:22+00:00,0.03911845,215.28468,BUY
2025-09-02 20:20:34+00:00,0.03901408,269.49293,BUY
2025-09-02 20:25:59+00:00,0.0390479,171.62767,BUY
2025-09-02 20:31:34+00:00,0.0390479,494.3862,BUY
2025-09-02 20:36:55+00:00,0.03903002,79.248372,BUY
2025-09-02 20:46:53+00:00,0.03907266,261.73234,BUY
2025-09-02 20:52:09+00:00,0.03908303,163.647,BUY
2025-09-02 20:57:14+00:00,0.03904415,286.94202,BUY
2025-09-02 21:07:30+00:00,0.03905884,137.46075,BUY
2025-09-02 21:12:51+00:00,0.03908361,267.003,BUY
2025-09-02 21:17:57+00:00,0.03908361,414.61518,BUY
2025-09-02 21:23:16+00:00,0.03904214,143.44965,BUY
2025-09-02 21:28:48+00:00,0.03905615,252.18864,BUY
2025-09-02 21:34:27+00:00,0.03905295,361.746,BUY
2025-09-02 21:40:01+00:00,0.03913456,51.678,BUY
2025-09-02 21:45:37+00:00,0.03906772,191.2086,BUY
2025-09-02 21:50:48+00:00,0.03917081,241.164,BUY
2025-09-02 21:55:47+00:00,0.03914947,173.99998,BUY
2025-09-02 22:01:17+00:00,0.03917081,93.96,BUY
2025-09-02 22:06:34+00:00,0.03917081,123.714,BUY
2025-09-02 22:12:08+00:00,0.03912813,501.35001,BUY
2025-09-02 22:21:43+00:00,0.03914947,437.66616,BUY
2025-09-02 22:31:59+00:00,0.03914947,604.476,BUY
2025-09-02 22:37:01+00:00,0.03919214,652.46957,BUY
2025-09-02 22:43:05+00:00,0.03912812,506.4444,BUY
2025-09-02 22:48:41+00:00,0.03914946,67.673008,BUY
2025-09-02 22:53:30+00:00,0.0391708,217.12351,BUY
2025-09-02 22:58:28+00:00,0.03908581,253.2222,BUY
2025-09-02 23:03:35+00:00,0.03911438,78.494289,BUY
2025-09-02 23:08:58+00:00,0.03912812,72.659441,BUY
2025-09-02 23:14:10+00:00,0.03912812,90.6714,BUY
2025-09-02 23:19:28+00:00,0.03919216,248.994,BUY
2025-09-02 23:23:45+00:00,0.0391509,152.685,BUY
2025-09-02 23:29:04+00:00,0.03917247,177.71104,BUY
2025-09-02 23:34:08+00:00,0.03919402,89.1054,BUY
2025-09-02 23:39:28+00:00,0.03912938,103.57997,BUY
2025-09-02 23:44:50+00:00,0.03912938,77.517,BUY
2025-09-03 00:00:24+00:00,0.03907028,70.47,BUY
2025-09-03 00:05:53+00:00,0.03913921,368.0011,BUY
2025-09-03 00:11:25+00:00,0.03908991,434.69118,BUY
2025-09-03 00:16:57+00:00,0.03904316,416.556,BUY
2025-09-03 00:22:27+00:00,0.03905033,216.01079,BUY
2025-09-03 00:27:53+00:00,0.039079,31.32,BUY
2025-09-03 00:33:14+00:00,0.03906748,243.43407,BUY
2025-09-03 00:38:32+00:00,0.03906642,127.91546,BUY
2025-09-03 00:44:02+00:00,0.03907867,49.329,BUY
2025-09-03 00:49:45+00:00,0.03908669,326.01818,BUY
2025-09-03 00:54:54+00:00,0.03917244,78.3,BUY
2025-09-03 00:59:53+00:00,0.03905626,178.1827,BUY
2025-09-03 01:05:33+00:00,0.03904978,233.334,BUY
2025-09-03 01:10:42+00:00,0.03903127,321.03,BUY
2025-09-03 01:15:51+00:00,0.03901215,137.025,BUY
2025-09-03 01:20:36+00:00,0.03906634,49.642927,BUY
2025-09-03 01:26:00+00:00,0.03914586,148.77,BUY
2025-09-03 01:30:58+00:00,0.03901478,422.037,BUY
2025-09-03 01:36:42+00:00,0.03903866,227.853,BUY
2025-09-03 01:41:49+00:00,0.03901747,187.92,BUY
2025-09-03 01:47:20+00:00,0.03903009,187.30711,BUY
2025-09-03 01:52:50+00:00,0.0390578,100.26749,BUY
2025-09-03 01:58:45+00:00,0.03907895,158.166,BUY
2025-09-03 02:04:04+00:00,0.03904796,472.932,BUY
2025-09-03 02:09:25+00:00,0.03919399,57.942,BUY
2025-09-03 02:14:46+00:00,0.03919399,232.42676,BUY
2025-09-03 02:19:57+00:00,0.03914586,101.79,BUY
2025-09-03 02:25:19+00:00,0.03910942,7.485598,BUY
2025-09-03 02:30:53+00:00,0.03917289,299.47096,BUY
2025-09-03 02:35:54+00:00,0.03917289,515.6055,BUY
2025-09-03 02:41:04+00:00,0.03923049,50.379052,BUY
2025-09-03 02:46:22+00:00,0.03920169,225.504,BUY
2025-09-03 02:51:41+00:00,0.03917287,41.136153,BUY
2025-09-03 02:56:33+00:00,0.03917287,110.38709,BUY
2025-09-03 03:02:06+00:00,0.03917287,78.3,BUY
2025-09-03 03:07:31+00:00,0.03913118,61.869205,BUY
2025-09-03 03:12:36+00:00,0.03909841,234.0387,BUY
2025-09-03 03:18:29+00:00,0.03917287,70.47,BUY
2025-09-03 03:23:49+00:00,0.03920167,61.247162,BUY
2025-09-03 03:28:50+00:00,0.03917287,101.79,BUY
2025-09-03 03:34:09+00:00,0.03923399,442.5516,BUY
2025-09-03 03:39:07+00:00,0.03915044,43.065,BUY
2025-09-03 03:44:23+00:00,0.0391934,74.763283,BUY
2025-09-03 03:49:18+00:00,0.03923046,10.664929,BUY
2025-09-03 03:54:42+00:00,0.03920167,313.2,BUY
2025-09-03 03:59:27+00:00,0.03913159,414.99,BUY
2025-09-03 04:04:17+00:00,0.03916916,30.646825,BUY
2025-09-03 04:08:56+00:00,0.03914122,120.2688,BUY
2025-09-03 04:14:14+00:00,0.03925926,134.0496,BUY
2025-09-03 04:19:39+00:00,0.03923046,167.4536,BUY
2025-09-03 04:24:36+00:00,0.03923046,200.448,BUY
2025-09-03 04:29:25+00:00,0.03920167,183.11987,BUY
2025-09-03 04:34:43+00:00,0.03920167,360.06424,BUY
2025-09-03 04:39:57+00:00,0.03920167,298.04112,BUY
2025-09-03 04:46:01+00:00,0.03917287,248.25516,BUY
2025-09-03 04:51:16+00:00,0.03923046,552.8699,BUY
2025-09-03 04:56:07+00:00,0.03923046,212.976,BUY
2025-09-03 05:01:16+00:00,0.03914838,193.83127,BUY
2025-09-03 05:06:28+00:00,0.03914838,148.01127,BUY
2025-09-03 05:11:57+00:00,0.03919075,164.13131,BUY
2025-09-03 05:16:55+00:00,0.03919075,125.28,BUY
2025-09-03 05:22:21+00:00,0.03917686,250.56,BUY
2025-09-03 05:27:50+00:00,0.03915722,130.33055,BUY
2025-09-03 05:33:08+00:00,0.03915722,71.151588,BUY
2025-09-03 05:38:05+00:00,0.03920169,45.633671,BUY
2025-09-03 05:42:53+00:00,0.03920169,230.70356,BUY
2025-09-03 05:48:04+00:00,0.03917289,582.70687,BUY
2025-09-03 05:53:10+00:00,0.03925929,64.3308,BUY
2025-09-03 05:58:45+00:00,0.03925929,207.49669,BUY
2025-09-03 06:03:48+00:00,0.03915604,569.07263,BUY
2025-09-03 06:09:23+00:00,0.03913028,667.2824,BUY
2025-09-03 06:14:37+00:00,0.03918203,412.1712,BUY
2025-09-03 06:20:16+00:00,0.03921293,266.39944,BUY
2025-09-03 06:25:20+00:00,0.03915604,180.4032,BUY
2025-09-03 06:31:03+00:00,0.03923401,448.10067,BUY
2025-09-03 06:41:02+00:00,0.0391729,62.64,BUY
2025-09-03 06:45:59+00:00,0.03911483,67.40064,BUY
2025-09-03 06:50:49+00:00,0.0392305,463.87719,BUY
2025-09-03 06:56:06+00:00,0.0391729,95.460154,BUY
2025-09-03 07:01:18+00:00,0.03914195,259.20432,BUY
2025-09-03 07:06:53+00:00,0.03921287,132.7968,BUY
2025-09-03 07:08:48+00:00,0.03913652,0.04338377,SELL
2025-09-03 07:12:40+00:00,0.03912287,157.60224,BUY
2025-09-03 07:17:54+00:00,0.03912045,175.392,BUY
2025-09-03 07:23:21+00:00,0.03908033,119.4285,BUY
2025-09-03 07:27:16+00:00,0.0390001,0.00027,SELL
2025-09-03 07:27:49+00:00,0.039,0.00025666,SELL
2025-09-03 07:27:49+00:00,0.039,0.00261769,SELL
2025-09-03 07:28:17+00:00,0.0389,0.00025964,SELL
2025-09-03 07:28:17+00:00,0.0389,0.00261799,SELL
2025-09-03 07:28:17+00:00,0.03885,0.00025997,SELL
2025-09-03 07:28:17+00:00,0.0388,0.0002603,SELL
2025-09-03 07:28:17+00:00,0.0388,0.00261829,SELL
2025-09-03 07:28:17+00:00,0.0388,0.0040773,SELL
2025-09-03 07:28:55+00:00,0.03896,449.09901,BUY
2025-09-03 07:34:21+00:00,0.03898,347.77728,BUY
2025-09-03 07:39:31+00:00,0.03894,297.11554,BUY
2025-09-03 07:44:58+00:00,0.03894,481.0752,BUY
2025-09-03 07:50:20+00:00,0.03894,60.1344,BUY
2025-09-03 07:52:58+00:00,0.0388,0.00132874,SELL
2025-09-03 07:55:44+00:00,0.03892,115.38288,BUY
2025-09-03 08:01:31+00:00,0.03892,195.4368,BUY
2025-09-03 08:06:18+00:00,0.03896,400.896,BUY
2025-09-03 08:11:19+00:00,0.03898,222.65043,BUY
2025-09-03 08:16:43+00:00,0.03894,137.808,BUY
2025-09-03 08:19:09+00:00,0.0388,0.00106829,SELL
2025-09-03 08:21:43+00:00,0.03892,300.672,BUY
2025-09-03 08:27:11+00:00,0.03892,98.22813,BUY
2025-09-03 08:32:27+00:00,0.03894,66.082974,BUY
2025-09-03 08:37:17+00:00,0.03894,65.1456,BUY
2025-09-03 08:42:30+00:00,0.03892,68.072094,BUY
2025-09-03 08:47:43+00:00,0.03894,119.39629,BUY
2025-09-03 08:52:47+00:00,0.03898,87.696,BUY
2025-09-03 08:57:54+00:00,0.03896,262.83744,BUY
2025-09-03 09:03:18+00:00,0.03894,554.20311,BUY
2025-09-03 09:08:56+00:00,0.03898,183.03175,BUY
2025-09-03 09:19:38+00:00,0.03894,553.3518,BUY
2025-09-03 09:30:07+00:00,0.03892,437.44056,BUY
2025-09-03 09:35:56+00:00,0.03892,456.51523,BUY
2025-09-03 09:52:45+00:00,0.03898,646.99595,BUY
2025-09-03 10:13:40+00:00,0.03898,383.96762,BUY
2025-09-03 10:14:35+00:00,0.039,0.00025821,BUY
2025-09-03 10:14:36+00:00,0.039,2.09e-06,BUY
2025-09-03 10:15:05+00:00,0.03905,0.00025915,BUY
2025-09-03 10:15:05+00:00,0.03905,8.2e-07,BUY
2025-09-03 10:15:41+00:00,0.0391,0.00025908,BUY
2025-09-03 10:15:41+00:00,0.0391,5.6e-07,BUY
2025-09-03 10:19:29+00:00,0.03924569,299.2626,BUY
2025-09-03 10:30:17+00:00,0.03928731,61.074,BUY
2025-09-03 10:35:06+00:00,0.03931194,0.00159781,BUY
2025-09-03 10:35:43+00:00,0.03926955,598.11673,BUY
2025-09-03 10:46:19+00:00,0.03914989,251.12059,BUY
2025-09-03 10:57:29+00:00,0.03923319,476.59078,BUY
2025-09-03 11:02:34+00:00,0.03914989,52.250816,BUY
2025-09-03 11:06:59+00:00,0.03923319,175.88469,BUY
2025-09-03 11:12:33+00:00,0.03927481,35.203355,BUY
2025-09-03 11:23:29+00:00,0.03927481,681.993,BUY
2025-09-03 11:28:32+00:00,0.03940588,234.117,BUY
2025-09-03 11:38:17+00:00,0.03929346,664.48512,BUY
2025-09-03 11:40:01+00:00,0.03891428,0.00032219,SELL
2025-09-03 11:43:50+00:00,0.03942174,470.46088,BUY
2025-09-03 11:48:59+00:00,0.03921531,514.24308,BUY
2025-09-03 11:59:50+00:00,0.03936565,409.79386,BUY
2025-09-03 12:10:24+00:00,0.0393089,496.71625,BUY
2025-09-03 12:15:25+00:00,0.03942176,265.46724,BUY
2025-09-03 12:20:42+00:00,0.03930913,183.54848,BUY
2025-09-03 12:22:25+00:00,0.03947808,0.02422945,BUY
2025-09-03 12:22:25+00:00,0.03947808,0.003423,BUY
2025-09-03 12:22:27+00:00,0.03947808,0.00245322,SELL
2025-09-03 12:22:27+00:00,0.03947808,0.12188391,SELL
2025-09-03 12:22:30+00:00,0.03947808,0.07891418,SELL
2025-09-03 12:22:31+00:00,0.03947808,0.00772631,SELL
2025-09-03 12:25:29+00:00,0.03929886,285.012,BUY
2025-09-03 12:36:02+00:00,0.03924437,202.30663,BUY
2025-09-03 12:46:25+00:00,0.03935418,288.43483,BUY
2025-09-03 13:06:48+00:00,0.03941043,525.2364,BUY
2025-09-03 13:12:09+00:00,0.03935704,508.95,BUY
2025-09-03 13:17:31+00:00,0.03930344,244.296,BUY
2025-09-03 13:22:56+00:00,0.03937858,302.75485,BUY
2025-09-03 13:28:25+00:00,0.03937857,671.814,BUY
2025-09-03 13:33:39+00:00,0.0393225,162.864,BUY
2025-09-03 13:39:15+00:00,0.03931533,260.5824,BUY
2025-09-03 13:43:45+00:00,0.03949654,0.00026058,BUY
2025-09-03 13:43:45+00:00,0.03949654,0.00026058,BUY
2025-09-03 13:43:45+00:00,0.03949654,0.00026058,BUY
2025-09-03 13:43:45+00:00,0.03949654,0.00026058,BUY
2025-09-03 13:43:45+00:00,0.03949654,0.00026058,BUY
2025-09-03 13:43:45+00:00,0.03949654,0.00026058,BUY
2025-09-03 13:43:45+00:00,0.03949654,0.00038438,BUY
2025-09-03 13:43:46+00:00,0.03949654,5.333e-05,BUY
2025-09-03 13:43:46+00:00,0.03949654,0.00020725,BUY
2025-09-03 13:43:46+00:00,0.03949654,0.00025982,BUY
2025-09-03 13:55:43+00:00,0.03949733,106.6355,BUY
2025-09-03 14:00:44+00:00,0.03953155,202.014,BUY
2025-09-03 14:05:52+00:00,0.03949733,187.92,BUY
2025-09-03 14:09:09+00:00,0.0396,0.00200076,BUY
2025-09-03 14:09:09+00:00,0.0396,0.00053634,BUY
2025-09-03 14:09:09+00:00,0.03962,0.00640085,BUY
2025-09-03 14:10:23+00:00,0.0396918,0.0003089,BUY
2025-09-03 14:10:23+00:00,0.0396918,0.00027615,BUY
2025-09-03 14:10:23+00:00,0.0396918,0.00070511,BUY
2025-09-03 14:10:23+00:00,0.0396918,0.00069902,BUY
2025-09-03 14:10:23+00:00,0.0396918,1.174e-05,BUY
2025-09-03 14:10:23+00:00,0.0396918,0.0002969,BUY
2025-09-03 14:10:23+00:00,0.0397,0.0025307,BUY
2025-09-03 14:11:21+00:00,0.03967934,258.53141,BUY
2025-09-03 14:16:39+00:00,0.03963913,94.298542,BUY
2025-09-03 14:22:15+00:00,0.03975978,108.52604,BUY
2025-09-03 14:38:13+00:00,0.03972,77.517,BUY
2025-09-03 14:42:41+00:00,0.03972,281.88,BUY
2025-09-03 14:47:30+00:00,0.03978,258.39,BUY
2025-09-03 14:57:53+00:00,0.03974,587.25,BUY
2025-09-03 15:03:28+00:00,0.03976,281.88,BUY
2025-09-03 15:08:39+00:00,0.03978,342.78347,BUY
2025-09-03 15:13:14+00:00,0.03972,422.82,BUY
2025-09-03 15:29:15+00:00,0.03978,622.37038,BUY
2025-09-03 15:34:44+00:00,0.03976,678.67879,BUY
2025-09-03 15:44:43+00:00,0.03978,446.31,BUY
2025-09-03 15:49:54+00:00,0.03976,399.33,BUY
2025-09-03 15:56:26+00:00,0.0398,0.00113367,BUY
2025-09-03 15:56:29+00:00,0.0398,0.0010005,BUY
2025-09-03 15:56:29+00:00,0.0398,0.00039023,BUY
2025-09-03 16:00:39+00:00,0.03978,196.67552,BUY
2025-09-03 16:05:52+00:00,0.03987,117.45,BUY
2025-09-03 16:11:51+00:00,0.03981,315.04088,BUY
2025-09-03 16:22:48+00:00,0.03987,687.32918,BUY
2025-09-03 16:27:58+00:00,0.03984,182.2824,BUY
2025-09-03 16:33:30+00:00,0.03984,199.665,BUY
2025-09-03 16:38:59+00:00,0.03987,399.33,BUY
2025-09-03 16:44:01+00:00,0.03978,211.41,BUY
2025-09-03 16:49:27+00:00,0.03981,178.524,BUY
2025-09-03 16:55:06+00:00,0.03981,392.45092,BUY
2025-09-03 17:05:57+00:00,0.03978,423.41494,BUY
2025-09-03 17:10:46+00:00,0.03984,581.25042,BUY
2025-09-03 17:16:30+00:00,0.03978,474.498,BUY
2025-09-03 17:38:27+00:00,0.03978,136.72774,BUY
2025-09-03 17:43:43+00:00,0.03978,234.6651,BUY
2025-09-03 17:46:14+00:00,0.0396,0.00139634,SELL
2025-09-03 17:59:21+00:00,0.03981,607.4514,BUY
2025-09-03 18:15:33+00:00,0.03981,55.762235,BUY
2025-09-03 18:20:55+00:00,0.03984,399.33,BUY
2025-09-03 18:25:56+00:00,0.03984,258.39,BUY
2025-09-03 18:37:05+00:00,0.03987,146.62902,BUY
2025-09-03 18:42:17+00:00,0.03987,434.565,BUY
2025-09-03 18:47:45+00:00,0.03984,348.1218,BUY
2025-09-03 18:53:01+00:00,0.03987,474.36155,BUY
2025-09-03 19:09:29+00:00,0.03987,446.31,BUY
2025-09-03 19:14:35+00:00,0.03984,37.444858,BUY
2025-09-03 19:26:08+00:00,0.03981,188.66448,BUY
2025-09-03 19:31:39+00:00,0.03987,295.974,BUY
2025-09-03 19:36:55+00:00,0.03981,685.52895,BUY
2025-09-03 19:42:14+00:00,0.03987,628.40153,BUY
2025-09-03 19:58:29+00:00,0.03989,251.1081,BUY
2025-09-03 20:03:08+00:00,0.03986,212.10752,BUY
2025-09-03 20:18:52+00:00,0.03989,275.616,BUY
2025-09-03 20:24:33+00:00,0.03986,386.74418,BUY
2025-09-03 20:30:13+00:00,0.03988,118.8594,BUY
2025-09-03 20:35:41+00:00,0.03987,155.034,BUY
2025-09-03 20:40:59+00:00,0.03986,673.83743,BUY
2025-09-03 20:52:20+00:00,0.03988,463.90819,BUY
2025-09-03 21:08:45+00:00,0.03988,119.69553,BUY
2025-09-03 21:14:03+00:00,0.03986,150.49953,BUY
2025-09-03 21:19:03+00:00,0.03987,601.1874,BUY
2025-09-03 21:30:14+00:00,0.03987,137.808,BUY
2025-09-03 21:35:41+00:00,0.03986,349.9334,BUY
2025-09-03 21:40:31+00:00,0.03987,142.93055,BUY
2025-09-03 21:46:07+00:00,0.03988,551.232,BUY
2025-09-03 21:51:34+00:00,0.03987,292.842,BUY
2025-09-03 21:56:41+00:00,0.03986,156.83635,BUY
2025-09-03 22:02:22+00:00,0.03988,336.69,BUY
2025-09-03 22:07:06+00:00,0.03989,369.576,BUY
2025-09-03 22:17:08+00:00,0.03988,101.79,BUY
2025-09-03 22:22:16+00:00,0.03987,158.166,BUY
2025-09-03 22:27:05+00:00,0.03989,140.94,BUY
2025-09-03 22:32:40+00:00,0.03986,361.12686,BUY
2025-09-03 22:37:41+00:00,0.03987,219.24,BUY
2025-09-03 22:42:35+00:00,0.03986,219.24,BUY
2025-09-03 22:47:49+00:00,0.03986,457.5852,BUY
2025-09-03 22:53:11+00:00,0.03987,115.93504,BUY
2025-09-03 23:04:03+00:00,0.03987,82.350685,BUY
2025-09-03 23:09:17+00:00,0.03989,250.56,BUY
2025-09-03 23:14:35+00:00,0.03987,215.62798,BUY
2025-09-03 23:19:55+00:00,0.03987,284.23688,BUY
2025-09-03 23:25:32+00:00,0.03987,293.07803,BUY
2025-09-03 23:30:33+00:00,0.03986,489.66353,BUY
2025-09-03 23:35:19+00:00,0.03986,48.546,BUY
2025-09-03 23:40:18+00:00,0.03988,96.052463,BUY
2025-09-03 23:45:52+00:00,0.03986,46.986096,BUY
2025-09-03 23:51:34+00:00,0.03986,57.942,BUY
